"category","subcategory","ID","Description","GeneRatio","BgRatio","RichFactor","FoldEnrichment","zScore","pvalue","p.adjust","qvalue","geneID","Count"
"Human Diseases","Cardiovascular disease","hsa05416","Viral myocarditis","10/79","70/9422",0.142857142857143,17.0379746835443,12.3841204574856,2.52923526326171e-10,4.70437758966678e-08,3.80716465943604e-08,"3106/3122/3133/1981/3123/3135/3127/60/3108/3126",10
"Human Diseases","Immune disease","hsa05330","Allograft rejection","8/79","39/9422",0.205128205128205,24.4647841609867,13.5019620260436,8.48378030193951e-10,7.59794722379318e-08,6.14887636107767e-08,"3106/3122/3133/3123/3135/3127/3108/3126",8
"Human Diseases","Infectious disease: viral","hsa05169","Epstein-Barr virus infection","14/79","205/9422",0.0682926829268293,8.14498301945045,9.51047505720594,1.22547535867632e-09,7.59794722379318e-08,6.14887636107767e-08,"3106/3122/23118/9541/3133/960/3123/3135/3127/4793/5971/4067/3108/3126",14
"Human Diseases","Endocrine and metabolic disease","hsa04940","Type I diabetes mellitus","8/79","44/9422",0.181818181818182,21.6846950517837,12.6455935790533,2.36308495095948e-09,1.06196647664226e-07,8.59429576456385e-08,"3106/3122/3133/3123/3135/3127/3108/3126",8
"Human Diseases","Immune disease","hsa05332","Graft-versus-host disease","8/79","45/9422",0.177777777777778,21.2028129395218,12.4912245239565,2.85474859312436e-09,1.06196647664226e-07,8.59429576456385e-08,"3106/3122/3133/3123/3135/3127/3108/3126",8
"Human Diseases","Immune disease","hsa05320","Autoimmune thyroid disease","8/79","54/9422",0.148148148148148,17.6690107829348,11.2954136409899,1.29700019218585e-08,4.02070059577615e-07,3.25387767513293e-07,"3106/3122/3133/3123/3135/3127/3108/3126",8
"Organismal Systems","Immune system","hsa04612","Antigen processing and presentation","9/79","82/9422",0.109756097560976,13.0901512812596,10.1107668606807,2.2985080664681e-08,6.10746429090096e-07,4.94265644368329e-07,"3106/3122/4802/3133/3123/3135/3127/3108/3126",9
"Environmental Information Processing","Signaling molecules and interaction","hsa04514","Cell adhesion molecule (CAM) interaction","10/79","160/9422",0.0625,7.45411392405063,7.57117183720805,7.92356979064004e-07,1.84222997632381e-05,1.49088221060727e-05,"3106/3122/2734/5792/3133/3123/3135/3127/3108/3126",10
"Human Diseases","Infectious disease: viral","hsa05168","Herpes simplex virus 1 infection","10/79","180/9422",0.0555555555555556,6.62587904360056,7.00749076645701,2.32344381748024e-06,4.80178388945916e-05,3.88599375321257e-05,"3106/3122/3054/23118/3133/3123/3135/3127/3108/3126",10
"Organismal Systems","Immune system","hsa04672","Intestinal immune network for IgA production","6/79","50/9422",0.12,14.3118987341772,8.67816174925049,3.39644471154947e-06,6.16227187005437e-05,4.98701119081932e-05,"3122/3123/7852/3127/3108/3126",6
"Human Diseases","Infectious disease: parasitic","hsa05140","Leishmaniasis","7/79","78/9422",0.0897435897435897,10.7033430704317,7.91263524374626,3.64435433175258e-06,6.16227187005437e-05,4.98701119081932e-05,"3122/23118/3123/3127/4793/3108/3126",7
"Human Diseases","Immune disease","hsa05310","Asthma","5/79","32/9422",0.15625,18.6352848101266,9.1884772432457,6.15037909779516e-06,9.5330876015825e-05,7.7149492191641e-05,"3122/3123/3127/3108/3126",5
"Organismal Systems","Immune system","hsa04640","Hematopoietic cell lineage","7/79","100/9422",0.07,8.34860759493671,6.79312148093242,1.90538450476647e-05,0.000272616552220433,0.00022062346897296,"3122/1438/960/3123/3127/3108/3126",7
"Organismal Systems","Immune system","hsa04659","Th17 cell differentiation","7/79","109/9422",0.0642201834862385,7.65927302287771,6.43004691239592,3.33915997296896e-05,0.000443631253551591,0.000359022463259069,"3122/9466/3123/3127/4793/3108/3126",7
"Human Diseases","Infectious disease: parasitic","hsa05145","Toxoplasmosis","7/79","112/9422",0.0625,7.45411392405063,6.31814619808968,3.97908120260855e-05,0.00049340606912346,0.000399304289103876,"3122/23118/3123/3127/4793/3108/3126",7
"Cellular Processes","Transport and catabolism","hsa04145","Phagocytosis","10/79","260/9422",0.0384615384615385,4.58714703018501,5.39336212911903,5.80230360434133e-05,0.000674517794004679,0.000545874615408427,"3106/3122/6810/3133/3123/3135/3127/60/3108/3126",10
"Human Diseases","Infectious disease: viral","hsa05166","Human T-cell leukemia virus 1 infection","9/79","224/9422",0.0401785714285714,4.79193037974684,5.28149088630798,0.000100201938021896,0.0010963270865925,0.00088723697443536,"3106/3122/3133/3123/3135/3127/5971/3108/3126",9
"Organismal Systems","Immune system","hsa04658","Th1 and Th2 cell differentiation","6/79","93/9422",0.0645161290322581,7.69456921192323,5.96575531365357,0.00012243500887615,0.00126516175838688,0.00102387171165435,"3122/3123/3127/4793/3108/3126",6
"Human Diseases","Immune disease","hsa05321","Inflammatory bowel disease","5/79","66/9422",0.0757575757575758,9.03528960490986,6.02347716654288,0.000218531338600616,0.00213930678840603,0.00173130090968909,"3122/3123/3127/3108/3126",5
"Genetic Information Processing","Chromosome","hsa03082","ATP-dependent chromatin remodeling","6/79","117/9422",0.0512820512820513,6.11619604024667,5.12036349296913,0.000428475432389568,0.00398482152122298,0.00322484141219517,"6602/6599/6597/9112/60/3014",6
"Human Diseases","Infectious disease: viral","hsa05164","Influenza A","7/79","173/9422",0.0404624277456647,4.82578473695763,4.66998047886784,0.000594244106589853,0.00526330494408155,0.00425949409736085,"3122/3123/3127/60/4793/3108/3126",7
"Human Diseases","Infectious disease: bacterial","hsa05152","Tuberculosis","7/79","181/9422",0.0386740331491713,4.61249038394293,4.51237698163996,0.000777254956790133,0.00657133736195294,0.00531806023066933,"3122/4802/810/3123/3127/3108/3126",7
"Cellular Processes","Cellular community - eukaryotes","hsa04520","Adherens junction","5/79","93/9422",0.0537634408602151,6.41214100993603,4.82294050090082,0.00106580423428472,0.00861911250334598,0.00697528629303041,"5792/6615/60/6934/10163",5
"Cellular Processes","Transport and catabolism","hsa04144","Endocytosis","8/79","250/9422",0.032,3.81650632911392,4.15018623778076,0.00112710754081344,0.00872608684871474,0.00706185862686026,"409/23325/3106/3133/3135/253725/7852/832",8
"Human Diseases","Immune disease","hsa05323","Rheumatoid arthritis","5/79","95/9422",0.0526315789473684,6.27714856762159,4.75345085767772,0.00117286113557994,0.00872608684871474,0.00706185862686026,"3122/3123/3127/3108/3126",5
"Human Diseases","Immune disease","hsa05322","Systemic lupus erythematosus","6/79","143/9422",0.041958041958042,5.00416039656546,4.43657441516719,0.00123178373666729,0.00881199134692755,0.00713137952807379,"3122/3123/3127/3014/3108/3126",6
"Human Diseases","Infectious disease: bacterial","hsa05150","Staphylococcus aureus infection","5/79","99/9422",0.0505050505050505,6.02352640327324,4.62026959431241,0.00141063820611857,0.00971772986437237,0.00786437674366298,"3122/3123/3127/3108/3126",5
"Human Diseases","Infectious disease: viral","hsa05170","Human immunodeficiency virus 1 infection","7/79","214/9422",0.0327102803738318,3.90121850230687,3.94751276417277,0.0020510514772817,0.0136248419562284,0.011026329370349,"3106/810/23118/3133/3135/7852/27350",7
"Human Diseases","Cancer: specific types","hsa05225","Hepatocellular carcinoma","6/79","170/9422",0.0352941176470588,4.20938198064036,3.88281708266907,0.00295939637635034,0.0189809560690056,0.0153609321894047,"10297/6602/6599/6597/60/6934",6
"Genetic Information Processing","Folding, sorting and degradation","hsa04141","Protein processing in endoplasmic reticulum","6/79","175/9422",0.0342857142857143,4.08911392405063,3.79290000890235,0.00341617234224079,0.0211802685218929,0.0171407945593134,"5589/5886/51465/54788/7321/80700",6
"Human Diseases","Infectious disease: viral","hsa05167","Kaposi sarcoma-associated herpesvirus infection","6/79","196/9422",0.0306122448979592,3.65099457504521,3.44864922310921,0.00592733036244662,0.0355639821746797,0.0287812645782637,"3106/810/3133/3135/4067/6934",6
"Organismal Systems","Immune system","hsa04662","B cell receptor signaling pathway","4/79","91/9422",0.043956043956044,5.24245374878286,3.73931964281259,0.00705017871748662,0.040979163795391,0.0331636696250193,"10859/79168/4793/4067",4
